pw_naziv,ident
0164 AG,IV001057
0164 AM,IV001053
0566 4A,IV000921
1101 SM,IV001163
17005 MN POLARNI bijeli,IV001161
27010 MN ZEMLJANO SIVI,IV001165
27049 OF KASMIR,IV001034
3471 APPIA BEIGE,IV001150
5981UM    18MM,IV000919
AK 0514 AM,IV000405
AK 7045AG,IV000390
AK 8685 AM,IV000348
AK BIJELI MAT  (JEDNOSTRANI),IV000348
AK BIJELI SJAJ,IV000069
AK BIJELI SJAJ JEDNOSTRANI(A010 BJ),IV000773
AK COBALT GREY MAT,IV000404
AK COBALT GREY SJAJ,IV000413
AK CRNI MAT (JEDNOSTRANI),IV000418
AK CRVENI SJAJ ( JEDNOSTRANI),IV000564
AK IVORY MAT (0541 AM),IV000405
AK K681 UM 18MM,IV001246
AK KASMIR SJAJ,IV000709
AK LATE SJAJ,IV000407
AK LJUBICASTA SJAJ (JEDNOSTRANI),IV000115
AK MADRE PERLA,IV001286
AK MAGNOLIJA 5335B,IV000296
AK SATIN AG,IV000390
AK SATIN MAT(7045),IV000388
AK VA 101,IV000558
AK VA103 SJAJ,IV000562
AKRIL SATIN MAT 19 MM,IV000388
AREZZO 13,IV000991
BIJELA BIJELA ISPUNA,IV000224
BIJELA CRNA ISPUNA,IV000247
BIJELI CRNA ISPUNA 6MM,IV000982
BLACK BLUE OM,IV000552
BLAZULJKA PROTUKLIZNA 15MM,IV000281
CANADIA OAK,IV000990
CHAMPAGE   (27045 UM),IV001157
CHIHAGO F187,IV000920
COMPACT SAMAS URBAN 13,IV000955
CRNI SAXUM,IV000587
CROMIX WHITE,IV000784
F 204 ST9,IV000937
F222/76,RP000207
F416 ST10(PJESCANI BEZ),IV000999
F812,IV000805
FA 41 PENELOPE DELAVE,IV000935
FA41 18MM,IV000935
FP0605,IV000686
FP0608,IV000961
FPO204 AN,IV000417
FURNIR PRVA KLASA - 100E,IV001274
GRUND 16 JEDNOSTRANI,IV000301
GRUND 16MM,IV000301
GRUND 18MM,IV000160
GRUND 19MM,IV000068
GRUND 22MM,IV000927
GRUND 25MM,IV000147
H1181 ST37 HALIFAX TOBACCO,IV000647
H1277 25 MM,IV000887
H1277 ST 9 18MM,IV000886
H1307 ST19(WARMIA ORAH SMEDI),IV001031
H1367(HR CASELLA SVIJ. NATUR),IV000986
H1714,IV000918
H3041 TM12,IV001261
H3146 ST 9 (FRANJIC),IV001288
H3303 18MM,IV000941
H3734 ST9,IV001088
HR  FURNIR,IV000065
HR FURNIR (PRVA  KLASA 100E),IV001274
HR FURNIR 39MM,IV001028
HR MOCVARNI 25MM,IV000076
HRAST  NATUR HALIFA,IV001018
IV  HR EVOKE CLASIC (K4420 IR),IV000716
IV  SIVI PLATINASTI (27139 PE),IV000377
IV  U222,IV001029
IV  U705,IV001048
IV 021 BS(ZELENO),IV000106
IV 0301SU CAPUCINO,IV000714
IV 117MP 18MM BIJELA,IV000970
IV 117MP 25MM BIJELA,IV000971
IV 2245MN AVOKADO,IV000874
IV 27068 MN (SILK MN),IV001134
IV ACAI 19MM,IV000525
IV ADOBE GREY (24230 BS),IV000530
IV AGATE GREY  0027GA,IV000369
IV ALU BRUSHED GOLD,IV000400
IV ANTRACIT  (0164 PE),IV000205
IV ANTRACIT 25MM,IV000240
IV ANTRACIT MN,IV001171
IV ARISTO,IV000368
IV AUSTRIA ORAH 25,IV000164
IV AVIVA SIENA,IV001115
IV AVOKADO ZELENA,IV000874
IV BASALT  MN,IV001170
IV BASALT DP,IV000597
IV BASALT PE,IV000233
IV BETO ART BIJELI,IV000403
IV BETON ART  INFINITY 19MM,IV000862
IV BETON ART OPAL GREY,IV000447
IV BETON PERL GRAY 19MM,IV000394
IV BETON SAND(42364DP),IV000890
IV BIJELA GLATKA 25MM,IV000337
IV BIJELI DIJAMANT,IV000701
IV BIJELI DIJAMANT 25MM,IV000192
IV BIJELI GOD,IV000092
IV BIJELI NK18MM  PODNICA GOTOVA,IV000090
IV BIJELI SJAJ 10MM,IV000181
IV BIJELI VS SG,IV000060
IV BLACK GREEN,IV000528
IV BLACK SKAY DARK,IV000548
IV BLUE AVIO,IV000534
IV BRIJEST SANGALLO SHELL 19MM,IV000540
IV BUKVA  PARENA 18,IV000186
IV BUKVA  PARENA 25MM,IV000089
IV BUKVA SVIJETLA 19MM,IV000005
IV CABANA  U200,IV000681
IV CARNET ZUTA,IV000025
IV CASTILLA ZAMORA,IV001214
IV CHALET,IV000325
IV CHALET PROMO (35252 AT) 18,IV000983
IV CHALET PROMO (35252 AT) 25MM,IV000985
IV CHAMPAGE MN  (27045 MN),IV001070
IV CHAMPAGNE (27045 BS),IV000017
IV CHARCOAL FLAW,IV000960
IV CHILI KR 18(LUTRIJA),IV000486
IV COMBRIA 25MM,IV000114
IV CORALE,IV001177
IV CORTENSTEEL,IV000524
IV CRNI 18MM 2190PE,IV000221
IV CRNI GOD,IV000008
IV CRVENI SJAJ  0318 SG,IV000048
IV ECLIPSE SUN,IV001064
IV ENDGRAIN  CLASIC 25MM,IV000720
IV ENDGRAIN PURE,IV000358
IV ENDGRRAIN RAW,IV000360
IV EVOKE COST,IV001155
IV EVOKE INFINITY,IV000865
IV EVOKE SUNSET 25MM,IV000717
IV F800,IV000967
IV FERERA 25MM,IV000143
IV GLADSTONE PJESAK,IV000630
IV GLINENO SIVA (K096 SU),IV000851
IV H1227 ST12 JASEN ABANO  19MM,IV001299
IV H1242 ST10,IV001036
IV H1386 ST40,IV001065
IV H3157 ST12,IV000853
IV H3700,IV001078
IV HEMLOCK LAVA,IV000516
IV HG BIJELI,IV000093
IV HR  CORDOBA KREMA,IV000873
IV HR  EVOKE DELIGHT 19MM,IV000513
IV HR  PAINTED EARTH,IV000538
IV HR ALPSKI,IV000250
IV HR AMAZONA SVJETLA,IV000034
IV HR AMAZONA( 37713 AN),IV000050
IV HR ANTIQUE EXPR. 19MM,IV000509
IV HR CRNIKA,IV000035
IV HR DIVLJI,IV000006
IV HR END ELEGANCE,IV000363
IV HR ENDGRAIN CLASIC,IV000364
IV HR ENDGRAIN CLASIC  18MM,IV001058
IV HR ENDGRAIN COGNAC 19MM,IV000359
IV HR EVOKE SUNSET,IV000592
IV HR EVOKE TREND,IV000521
IV HR FERRARA,IV000144
IV HR MOCVARNI,IV000032
IV HR MOCVARNI(STARI DEKOR),IV000032
IV HR NATUR  SVIJETLI,IV000655
IV HR NATUR ANQITE,IV000361
IV HR PRIRODNI,IV000615
IV HR SALZBERG MODERNA,IV000514
IV HR SAN REMO PJEŠČANI,IV000215
IV HR SONOMA 25MM,IV000351
IV HR VENDELA CANOA (K2821-AN),IV001146
IV HRAST DIVLJI 25MM,IV000494
IV HRAST ELEGANT(K5896 AN),IV000519
IV HRAST MLJECNI 18 MM,IV000464
IV HRAST MLJECNI 25MM,IV000469
IV ICONIC SIVA,IV000882
IV IVORY MN,IV001068
IV JADE 22812MN,IV001099
IV JAVOR CORE,IV000029
IV JAVOR MORNAU 19MM,IV000013
IV JAVOR MORNAU 25 MM,IV000085
IV JELA,IV000510
IV JELA CLAY (K2443 AT),IV000868
IV K2737 OC  CERMONA COTTA,IV001158
IV K513 MARSHMELOW,IV001159
IV KASMIR BS 19MM (27049 BS),IV000304
IV KASMIR DP(27049 DP),IV000657
IV KASMIR GR 27049 GR),IV001085
IV KASMIR KRONO (5981 BS),IV000785
IV KASMIR UM   27049 UM,IV001040
IV KOBALT GREY,IV000888
IV LAGOS (0836RN),IV000993
IV LAVANDA,IV000023
IV LAVARE 25MM,IV000078
IV LIGHT BLUE (27179 BS ),IV000021
IV LIMPIDO GOLD,IV001128
IV LJUBICASTA SJA,IV000049
IV MACADAMIA  K682,IV001272
IV MAGNOLIJA(2507MN),IV001074
IV MAKALO,IV000518
IV METALIC SILVER 5881,IV000547
IV MIDNIGHT BLUE 18MM,IV000806
IV MIDNIGHT PLAVA K099,IV000806
IV MOSS GREAN,IV000532
IV MUSSEL BEIGE 18MM,IV001009
IV NARANCASTA MAT,IV000199
IV NATIVE PINK (K512),IV000943
IV NATUR  CLASIC(K4433AW),IV000512
IV NK CRNI 10MM,IV000623
IV NK CRNI 19 MN  (2190 MN),IV001173
IV NK CRNI 19MM,IV000994
IV NK CRNI 25MM,IV000139
IV NOCE PAVIA 4035 NI,IV001268
IV OKSID,IV000285
IV OKSID TAMNO SMEĐI,IV000522
IV ORAH H008,IV000894
IV ORAH SICILIJA,IV000037
IV ORAH SICILIJA 25MM,IV000164
IV ORAH STRIPE EARTH K2341AN,IV000872
IV ORAH TORTONA,IV000891
IV PASTEL GREEN (7063),IV000944
IV PATINA BRONZE,IV000366
IV PEBBLE 19MM  ( 26577MN),IV001076
IV PIETRA GREY,IV000507
IV PINK(K512 SU),IV000943
IV PLATINA,IV000167
IV PLATINASTO BRONZA,IV000366
IV POLARNI SJAJ,IV000183
IV PRADO AGATE GREY,IV000369
IV RUSTY IRON (K4398 DP),IV000523
IV RUSTY IRON OCEAN,IV000549
IV SABA GREEN  22861MN,IV001138
IV SAHARA BEIGE  22865MN,IV001149
IV SALON,IV000367
IV SAN REMO BRONZA,IV000154
IV SAN REMO CLASIC (34140 RV),IV000214
IV SAN REMO NATUR(34136 RV),IV000119
IV SATIN (7045 SU),IV000847
IV SIVI TAMNI,IV000027
IV SIVI TAMNI 25MM,IV000079
IV SIVI TAMNI MN,IV001168
IV SLATE GREY,IV000786
IV SLJIVA 25MM,IV000081
IV SLONOVA KOST,IV000168
IV SLONOVA KOST 19MM,IV000046
IV SLONOVA KOST SJAJ,IV000046
IV SNJEZNO BIJELA (8685 BS),IV001001
IV SNJEZNO BIJELA 25MM,IV001002
IV SOFT TOCH SIVI,IV000777
IV SONOMA (FURNIR FIRMA) 19MM,IV000223
IV STONE BEGIE MN,IV001071
IV STORM  GREY MN,IV000537
IV STORM GREY,IV000537
IV SUMMERFIELD DUSK K2760AN,IV001063
IV TAMNI ORAH(KOO9 PW),IV000855
IV TAUPE MN (ZDENA JURISIC),IV000531
IV TAUPE SIVA,IV000531
IV TEXTIL ATLAS,IV000546
IV TIROLSKA PLAVA,IV000479
IV TITAN ANTRACIT,IV000542
IV TITAN GT(5853 GT),IV000541
IV TRESNJA 25MM (ACO),IV000080
IV TRESNJA ACO(39345BS) 19MM,IV000003
IV TRESNJA KRONO,IV000003
IV U156,IV000908
IV U163 ST9(ZUTA),IV000973
IV U311 ST9,IV001121
IV U604 ST9 EUKALIPTUS ZELENA,IV001000
IV U727 STONE,IV000641
IV U750,IV000644
IV VERDE MN (25737 MN),IV000533
IV W 1000,IV000725
IV WENGE GONDOU 25MM,IV000260
IV WENGE GONDU,IV000028
IV WENGE NAIROBI,IV000043
IV ZELENA,IV000020
IVH3710 ST12 ORAH CARINI,IV000640
K 2755PH,IV001125
K 2885PH-12,IV001131
K2752 AE AVIVA VERNAL,IV001113
K2754 AE (AVIVA BREEZE),IV001073
K2818,IV001137
K2878 GT CROSS PERLMUTT,IV001198
K2884 PH,IV001223
KERROCK BIJELI,IV000224
KERROCK SIVI,IV000586
KERROCK SIVI BOJA TORTONA,IV000959
LAKLAND BAGREM,IV000886
MAGNOLIJA  OF (2507 OF),IV001067
MDF 1570OF 19MM DIJAMANT,IV001054
MDF 2162OF(SIVI),IV001069
MDF 7045 AM (SATIN),IV000388
MDF 8MM SIROVI CRNA BOJA,IV000930
MDF AHAT SIVI (2171OM),IV000556
MDF ALU BRUSHED BRONZA,IV000439
MDF BRUSHED COPER  DRUGA STRANA,IV000435
MDF CHAMPAGE OF,IV001038
MDF CRNI 2190 OF 19MM,IV001030
MDF CRNI OM,IV000555
MDF FP O608 18MM JEDNOSTRANI,IV000961
MDF KRISTALNO BIJELI OM,IV000617
MDF NOIR OLIVE 19MM(2460L),IV000747
MDF SABA GREEN OF,IV001117
MDF SIROVI,IV000236
MDF SIROVI 10MM,IV000172
MDF SIROVI 12MM,IV000150
MDF SIROVI 16MM,IV000137
MDF SIROVI 18MM,IV000236
MDF SIROVI 22 MM,IV000241
MDF SIROVI 25MM,IV000126
MDF SIROVI 4MM,IV000127
MDF SIROVI 5MM,IV000411
MDF SOFT TOUCH SIVI,IV000777
MDF SOFT TOUCH SIVI (JEDNOSTRANI),IV000777
MDF TOSKANA (RAVLIC FAZA 2),IV000755
MDF TRUFFLE BEIGE  OF 22860,IV001112
MDF U665 18MM,IV001032
MDF U702 PM 18MM,IV000987
MDF U999(SIXT),IV000962
MDF VND 089,IV001257
MDF W1100,IV001142
OSB PLOCA 12MM,IV000290
PATINA BRONZA,IV000723
PET MAT KASMIR,IV000919
PF U12188 XT MAT SIVI,IV000651
PRADO AGATE GREY,IV000914
PVC CRNI MAT VSM02,IV000671
PVC KASMIR VHG06,IV000576
PVC VHG 09,IV000733
PVC VHG 20,IV000722
PVC VHG10,IV000581
PVC VHG19M,IV000734
PVC VHG22,IV000731
PVC VSM 03 CREMA,IV000695
PVC VSM 05,IV000579
PVC VSM 07,IV000736
PVC VSM 09,IV000737
PVC VSM 10,IV000738
PVC VSM-01 BIJELI MAT,IV000577
SAXUM GRAFITNO SIVI,IV000586
SIROVA 18 MM,IV000045
SIROVI 25MM,IV000340
SIVI SVJETLI SA CRNOM JEZGROM,IV000341
SNIJEZNO BIJELA MN,IV001001
SPER 5MM,IV000414
TORTORA,IV000959
U 115,IV001015
U 522 ST9,IV001256
U 702,IV001043
U115,IV001015
U201,IV001258
U216,IV000939
U999 ST 7,IV000994
U999 TM28-18MM,IV000988
U999PM (SIXT),IV000962
VA 115,IV000661
VHG 22,IV000731
VHG 24,IV000735
VINCENZA,IV000853
VSM O6 KASMIR,IV000580
W1100 PM18,IV001142
ZO MARBLE MAKRANA K2881,RP000092
COMPACT SAMAS URBAN 12MM,IV000955
RADNA PLOČA COMPACT 12MM 3482 SAMAS,IV000955
